datetime,timestamp,in_bed_pct,hr_mean,hr_std,dhr,rr_mean,rr_std,drr,large_move_pct,minor_move_pct,turnovers_delta,apnea_delta,flags,vib_move_pct,vib_resp_q,agree_flags
2000-01-01 04:55:42,946695342,0,0,0,0,0,0,0,71,28,0,0,3,99,47,7
2000-01-01 04:56:12,946695372,0,0,0,0,0,0,0,0,100,0,0,3,100,95,7
2000-01-01 04:56:42,946695402,0,0,0,0,0,0,0,0,100,0,0,3,100,95,7
2000-01-01 04:57:12,946695432,0,0,0,0,0,0,0,0,100,0,0,3,100,95,7
2000-01-01 04:57:42,946695462,0,0,0,0,0,0,0,0,100,0,0,3,100,95,7
2000-01-01 04:58:12,946695492,0,0,0,0,0,0,0,0,100,0,0,3,100,95,7
2000-01-01 04:58:42,946695522,0,0,0,0,0,0,0,0,100,0,0,3,100,95,7
2000-01-01 04:59:12,946695552,0,0,0,0,0,0,0,0,100,0,0,3,100,95,7
2000-01-01 04:59:42,946695582,0,0,0,0,0,0,0,0,100,0,0,3,100,95,7
2000-01-01 05:00:12,946695612,0,0,0,0,0,0,0,0,100,0,0,0,100,95,6
2000-01-01 05:00:42,946695642,0,0,0,0,0,0,0,0,100,0,0,3,100,95,7
2000-01-01 05:01:12,946695672,0,0,0,0,0,0,0,0,100,0,0,3,100,95,7
2000-01-01 05:01:42,946695702,0,0,0,0,0,0,0,0,100,0,0,3,100,95,7
2000-01-01 05:02:12,946695732,0,0,0,0,0,0,0,0,100,0,0,3,100,95,7
2000-01-01 05:02:42,946695762,0,0,0,0,0,0,0,0,100,0,0,3,100,95,7
2000-01-01 05:03:12,946695792,0,0,0,0,0,0,0,0,100,0,0,3,100,95,7
2000-01-01 05:03:42,946695822,0,0,0,0,0,0,0,0,100,0,0,3,100,95,7
2000-01-01 05:04:12,946695852,0,0,0,0,0,0,0,0,100,0,0,3,100,95,7
2000-01-01 05:04:42,946695882,0,0,0,0,0,0,0,0,100,0,0,3,100,95,7
2000-01-01 05:05:12,946695912,0,0,0,0,0,0,0,0,100,0,0,3,100,95,7
2000-01-01 05:06:34,946695994,0,0,0,0,0,0,0,0,100,0,0,3,100,95,7
2000-01-01 05:07:04,946696024,0,0,0,0,0,0,0,0,100,0,0,3,100,95,7
2000-01-01 05:07:34,946696054,0,0,0,0,0,0,0,0,100,0,0,3,100,95,7
2000-01-01 05:08:04,946696084,0,0,0,0,0,0,0,0,100,0,0,3,100,95,7
2000-01-01 05:08:34,946696114,0,0,0,0,0,0,0,0,100,0,0,3,100,95,7
2000-01-01 05:09:04,946696144,0,0,0,0,0,0,0,0,100,0,0,3,100,95,7
2000-01-01 05:09:34,946696174,0,0,0,0,0,0,0,0,100,0,0,3,100,95,7
2000-01-01 05:10:04,946696204,0,0,0,0,0,0,0,0,100,0,0,3,100,95,7
2000-01-01 05:10:34,946696234,0,0,0,0,0,0,0,0,100,0,0,3,100,95,7
2000-01-01 05:11:04,946696264,0,0,0,0,0,0,0,0,100,0,0,0,100,95,6
2000-01-01 05:11:34,946696294,0,0,0,0,0,0,0,0,100,0,0,3,100,95,7
2000-01-01 05:12:04,946696324,0,0,0,0,0,0,0,0,100,0,0,3,100,95,7
2000-01-01 05:12:34,946696354,0,0,0,0,0,0,0,0,100,0,0,3,100,95,7
2000-01-01 05:13:04,946696384,0,0,0,0,0,0,0,0,100,0,0,3,100,95,7
2000-01-01 05:13:34,946696414,0,0,0,0,0,0,0,0,100,0,0,3,100,95,7
2000-01-01 05:14:04,946696444,0,0,0,0,0,0,0,0,100,0,0,3,100,95,7
2000-01-01 05:14:34,946696474,0,0,0,0,0,0,0,0,100,0,0,3,100,95,7
2000-01-01 05:15:04,946696504,0,0,0,0,0,0,0,0,100,0,0,3,100,95,7
2000-01-01 05:15:34,946696534,0,0,0,0,0,0,0,0,100,0,0,0,100,95,6
2000-01-01 05:16:04,946696564,0,0,0,0,0,0,0,0,100,0,0,3,100,95,7
2000-01-01 05:17:23,946696643,80,90,45,90,17,8,17,0,100,0,0,3,100,95,5
2000-01-01 05:17:53,946696673,100,85,8,251,13,2,252,0,100,0,0,3,100,95,5
2000-01-01 05:18:23,946696703,100,71,3,242,18,1,5,0,100,0,0,3,100,95,5
2000-01-01 05:18:53,946696733,100,64,2,249,21,0,3,0,100,0,0,3,100,95,5
2000-01-01 05:19:23,946696763,100,67,1,3,22,0,1,0,100,0,0,3,100,95,5
2000-01-01 05:19:53,946696793,100,65,0,254,22,0,0,0,100,0,0,3,100,95,5
2000-01-01 05:20:23,946696823,100,66,0,1,21,1,255,0,100,0,0,3,100,95,5
2000-01-01 05:20:53,946696853,100,66,0,0,19,0,254,0,100,0,0,3,100,95,5
2000-01-01 05:21:23,946696883,100,67,0,1,18,0,255,0,100,0,0,3,100,95,5
2000-01-01 05:21:53,946696913,100,68,0,1,18,0,0,0,100,0,0,3,100,95,5
2000-01-01 05:22:23,946696943,100,65,2,253,18,1,0,0,100,0,0,3,100,95,5
2000-01-01 05:22:53,946696973,100,62,0,253,15,0,253,0,100,0,0,3,100,95,5
2000-01-01 05:23:23,946697003,100,62,0,0,17,0,2,0,100,0,0,3,100,95,5
2000-01-01 05:23:53,946697033,100,63,1,1,17,0,0,0,100,0,0,3,100,95,5
2000-01-01 05:24:23,946697063,100,63,0,0,16,0,255,0,100,0,0,3,100,95,5
2000-01-01 05:24:53,946697093,100,63,0,0,16,0,0,0,100,0,0,3,100,95,5
2000-01-01 05:25:23,946697123,100,65,0,2,16,0,0,0,100,0,0,3,100,95,5
2000-01-01 05:25:53,946697153,100,65,0,0,16,0,0,0,100,0,0,3,100,95,5
2000-01-01 05:26:23,946697183,100,64,0,255,16,0,0,0,100,0,0,3,100,95,5
2000-01-01 05:26:53,946697213,100,70,1,6,16,0,0,0,100,0,0,3,100,95,5
2000-01-01 05:28:20,946697300,100,70,5,0,16,0,0,0,100,0,0,3,100,95,5
2000-01-01 05:28:50,946697330,100,63,0,249,16,0,0,0,100,0,0,3,100,95,5
2000-01-01 05:29:20,946697360,100,108,13,45,22,1,6,0,100,0,0,3,100,95,5
2000-01-01 05:29:50,946697390,100,79,5,227,21,1,255,0,100,0,0,3,100,95,5
2000-01-01 05:30:20,946697420,100,70,1,247,19,1,254,0,100,0,0,3,100,95,5
2000-01-01 05:30:50,946697450,100,62,0,248,17,0,254,0,100,0,0,3,100,95,5
2000-01-01 05:31:20,946697480,100,62,0,0,17,0,0,0,100,0,0,3,100,95,5
2000-01-01 05:31:50,946697510,100,67,1,5,21,1,4,0,100,0,0,2,100,95,5
2000-01-01 05:32:20,946697540,100,67,0,0,19,1,254,0,100,0,0,2,100,95,5
2000-01-01 05:32:50,946697570,100,74,2,7,18,0,255,0,100,0,0,2,100,95,5
2000-01-01 05:33:20,946697600,100,76,1,2,18,0,0,0,100,0,0,2,100,95,5
2000-01-01 05:33:50,946697630,100,74,0,254,18,0,0,0,100,0,0,2,100,95,5
2000-01-01 05:34:20,946697660,100,71,3,253,17,0,255,0,100,0,0,2,100,95,5
2000-01-01 05:34:50,946697690,100,66,3,251,18,0,1,0,100,0,0,2,100,95,5
2000-01-01 05:35:20,946697720,100,72,0,6,18,0,0,0,100,0,0,2,100,95,5
2000-01-01 05:35:50,946697750,100,72,0,0,18,0,0,0,100,0,0,2,100,95,5
2000-01-01 05:36:20,946697780,100,69,3,253,18,0,0,0,100,0,0,2,100,95,5
2000-01-01 05:36:50,946697810,100,65,2,252,18,0,0,0,100,0,0,2,100,95,5
2000-01-01 05:37:20,946697840,100,69,0,4,18,0,0,0,100,0,0,2,100,95,5
2000-01-01 05:37:50,946697870,100,70,1,1,18,0,0,0,100,0,0,2,100,96,5
2000-01-01 05:39:30,946697970,100,73,1,3,18,0,0,0,100,0,0,0,100,95,4
2000-01-01 05:40:00,946698000,100,75,0,2,18,0,0,0,100,0,0,0,100,95,4
2000-01-01 05:40:30,946698030,100,75,0,0,18,0,0,0,100,0,0,0,100,95,4
2000-01-01 05:41:00,946698060,100,75,0,0,18,0,0,0,100,0,0,0,100,95,4
2000-01-01 05:41:30,946698090,100,75,0,0,18,0,0,0,100,0,0,2,100,95,5
2000-01-01 05:42:00,946698120,100,75,0,0,18,0,0,0,100,0,0,1,100,95,5
2000-01-01 05:42:30,946698150,100,74,0,255,18,0,0,0,100,0,0,1,100,95,5
2000-01-01 05:43:00,946698180,100,76,1,2,19,0,1,0,100,0,0,1,100,95,5
2000-01-01 05:43:30,946698210,100,99,19,23,21,2,2,0,100,0,0,1,100,95,5
2000-01-01 05:44:00,946698240,100,90,7,247,11,1,246,0,100,0,0,1,100,95,5
2000-01-01 05:44:30,946698270,100,76,6,242,13,1,2,0,100,0,0,1,100,95,5
2000-01-01 05:45:00,946698300,100,71,1,251,17,0,4,0,100,0,0,1,100,95,5
2000-01-01 05:45:30,946698330,100,70,2,255,16,1,255,0,100,0,0,1,100,95,5
2000-01-01 05:46:00,946698360,100,74,1,4,20,1,4,0,100,0,0,1,100,95,5
2000-01-01 05:46:30,946698390,100,66,0,248,19,1,255,0,100,0,0,1,100,95,5
2000-01-01 05:47:00,946698420,100,67,0,1,16,1,253,0,100,0,0,1,100,95,5
2000-01-01 05:47:30,946698450,100,68,0,1,16,0,0,0,100,0,0,0,100,95,4
2000-01-01 05:48:00,946698480,100,68,0,0,16,0,0,0,100,0,0,1,100,95,5
2000-01-01 05:48:30,946698510,100,74,6,6,15,0,255,0,100,0,0,1,100,95,5
2000-01-01 05:49:00,946698540,100,68,2,250,15,0,0,0,100,0,0,1,100,95,5
2000-01-01 05:50:28,946698628,100,64,1,252,15,0,0,0,100,0,0,1,100,95,5
2000-01-01 05:50:58,946698658,100,65,4,1,15,0,0,0,100,0,0,1,100,95,5
2000-01-01 05:51:28,946698688,100,75,3,10,16,0,1,0,100,0,0,1,100,95,5
2000-01-01 05:51:58,946698718,100,78,4,3,16,0,0,0,100,1,0,1,100,95,5
2000-01-01 05:52:28,946698748,100,72,3,250,16,0,0,0,100,0,0,1,100,96,5
2000-01-01 05:52:58,946698778,100,69,3,253,16,0,0,0,100,0,0,1,100,95,5
2000-01-01 05:53:28,946698808,100,65,3,252,18,0,2,0,100,0,0,1,100,95,5
2000-01-01 05:53:58,946698838,100,62,1,253,18,0,0,0,100,0,0,1,100,95,5
2000-01-01 05:54:28,946698868,100,63,0,1,17,0,255,0,100,0,0,1,100,95,5
2000-01-01 05:54:58,946698898,100,63,0,0,17,1,0,0,100,0,0,1,100,95,5
2000-01-01 05:55:28,946698928,100,63,0,0,17,0,0,0,100,0,0,1,100,95,5
2000-01-01 05:55:58,946698958,100,64,3,1,19,1,2,0,100,0,0,1,100,95,5
2000-01-01 05:56:28,946698988,100,81,1,17,19,2,0,0,100,0,0,1,100,95,5
2000-01-01 05:56:58,946699018,100,72,8,247,17,0,254,0,100,0,0,1,100,95,5
2000-01-01 05:57:28,946699048,100,65,3,249,17,0,0,0,100,0,0,1,100,95,5
2000-01-01 05:57:58,946699078,100,85,3,20,17,0,0,0,100,0,0,1,100,95,5
2000-01-01 05:58:28,946699108,100,81,8,252,17,0,0,0,100,0,0,1,100,95,5
2000-01-01 05:58:58,946699138,100,62,0,237,17,0,0,0,100,0,0,1,100,95,5
2000-01-01 05:59:28,946699168,100,65,5,3,17,0,0,0,100,0,0,1,100,95,5
2000-01-01 05:59:58,946699198,100,78,0,13,17,1,0,0,100,0,0,1,100,95,5
2000-01-01 06:01:21,946699281,100,78,3,0,19,1,2,0,100,0,0,1,100,95,5
2000-01-01 06:01:51,946699311,100,63,1,241,17,1,254,0,100,0,0,1,100,95,5
2000-01-01 06:02:21,946699341,100,69,5,6,17,0,0,0,100,0,0,1,100,95,5
2000-01-01 06:02:51,946699371,100,68,4,255,18,1,1,0,100,0,0,1,100,95,5
2000-01-01 06:03:21,946699401,100,68,3,0,20,1,2,0,100,0,0,1,100,95,5
2000-01-01 06:03:51,946699431,100,72,0,4,18,0,254,0,100,0,0,1,100,95,5
2000-01-01 06:04:21,946699461,100,80,2,8,18,1,0,0,100,0,0,1,100,95,5
2000-01-01 06:04:51,946699491,100,87,1,7,20,1,2,0,100,0,0,1,100,95,5
2000-01-01 06:05:21,946699521,100,86,0,255,20,2,0,0,100,0,0,1,100,95,5
2000-01-01 06:05:51,946699551,100,82,4,252,17,0,253,0,100,0,0,1,100,96,5
2000-01-01 06:06:21,946699581,100,73,2,247,17,0,0,0,100,0,0,1,100,95,5
2000-01-01 06:06:51,946699611,100,70,2,253,17,0,0,0,100,0,0,1,100,95,5
2000-01-01 06:07:21,946699641,100,71,4,1,18,0,1,0,100,0,0,1,100,95,5
2000-01-01 06:07:51,946699671,100,72,6,1,18,0,0,0,100,0,0,1,100,95,5
2000-01-01 06:08:21,946699701,100,62,0,246,17,0,255,0,100,0,0,1,100,95,5
2000-01-01 06:08:51,946699731,100,69,2,7,17,0,0,0,100,0,0,1,100,95,5
2000-01-01 06:09:21,946699761,100,70,4,1,17,0,0,0,100,0,0,1,100,95,5
2000-01-01 06:09:51,946699791,100,71,5,1,17,0,0,0,100,0,0,1,100,95,5
2000-01-01 06:10:21,946699821,100,66,2,251,17,0,0,0,100,0,0,1,100,95,5
2000-01-01 06:10:51,946699851,100,72,0,6,17,1,0,0,100,0,0,1,100,95,5
2000-01-01 06:12:16,946699936,100,64,1,248,17,0,0,0,100,0,0,1,100,95,5
2000-01-01 06:12:46,946699966,100,64,1,0,17,0,0,0,100,0,0,1,100,95,5
2000-01-01 06:13:16,946699996,100,71,5,7,19,1,2,0,100,0,0,1,100,95,5
2000-01-01 06:13:46,946700026,100,64,2,249,17,1,254,0,100,0,0,1,100,95,5
2000-01-01 06:14:16,946700056,100,73,6,9,18,0,1,0,100,0,0,1,100,95,5
2000-01-01 06:14:46,946700086,100,81,0,8,17,0,255,0,100,0,0,1,100,95,5
2000-01-01 06:15:16,946700116,100,76,3,251,17,0,0,0,100,0,0,1,100,95,5
2000-01-01 06:15:46,946700146,100,82,3,6,17,0,0,0,100,0,0,1,100,95,5
2000-01-01 06:16:16,946700176,100,82,4,0,17,0,0,0,100,0,0,1,100,95,5
2000-01-01 06:16:46,946700206,100,71,0,245,17,0,0,0,100,0,0,1,100,95,5
2000-01-01 06:17:16,946700236,100,68,5,253,17,0,0,0,100,0,0,1,100,95,5
2000-01-01 06:17:46,946700266,100,64,2,252,17,0,0,0,100,0,0,1,100,95,5
2000-01-01 06:18:16,946700296,100,75,3,11,17,0,0,0,100,0,0,1,100,95,5
2000-01-01 06:18:46,946700326,100,71,4,252,17,0,0,0,100,0,0,1,100,96,5
2000-01-01 06:19:16,946700356,100,69,2,254,17,0,0,0,100,0,0,1,100,95,5
2000-01-01 06:19:46,946700386,100,78,4,9,17,0,0,0,100,0,0,1,100,95,5
2000-01-01 06:20:16,946700416,100,81,1,3,17,0,0,0,100,0,0,1,100,95,5
2000-01-01 06:20:46,946700446,100,73,2,248,17,0,0,0,100,0,0,1,100,95,5
2000-01-01 06:21:16,946700476,100,81,3,8,17,0,0,0,100,0,0,1,100,95,5
2000-01-01 06:21:46,946700506,100,76,4,251,17,0,0,0,100,0,0,1,100,95,5
2000-01-01 06:23:08,946700588,100,74,1,254,17,0,0,0,100,0,0,1,100,95,5
2000-01-01 06:23:38,946700618,100,72,2,254,17,0,0,0,100,0,0,1,100,95,5
2000-01-01 06:24:08,946700648,100,77,0,5,17,0,0,0,100,0,0,1,100,95,5
2000-01-01 06:24:38,946700678,100,81,2,4,17,0,0,0,100,0,0,1,100,95,5
2000-01-01 06:25:08,946700708,100,87,1,6,17,0,0,0,100,0,0,1,100,95,5
2000-01-01 06:25:38,946700738,100,76,2,245,17,0,0,0,100,0,0,1,100,95,5
2000-01-01 06:26:08,946700768,100,88,1,12,17,0,0,0,100,0,0,1,100,95,5
2000-01-01 06:26:38,946700798,100,82,6,250,17,0,0,0,100,0,0,1,100,95,5
2000-01-01 06:27:08,946700828,100,70,0,244,17,0,0,0,100,0,0,1,100,95,5
2000-01-01 06:27:38,946700858,100,70,0,0,17,0,0,0,100,0,0,1,100,95,5
2000-01-01 06:28:08,946700888,100,69,2,255,17,0,0,0,100,0,0,1,100,95,5
2000-01-01 06:28:38,946700918,100,76,4,7,17,0,0,0,100,0,0,1,100,95,5
2000-01-01 06:29:08,946700948,100,79,4,3,17,0,0,0,100,0,0,1,100,95,5
2000-01-01 06:29:38,946700978,100,70,3,247,17,0,0,0,100,0,0,1,100,95,5
2000-01-01 06:30:08,946701008,100,72,0,2,17,0,0,0,100,0,0,1,100,95,5
2000-01-01 06:30:38,946701038,100,83,3,11,17,0,0,0,100,0,0,1,100,95,5
2000-01-01 06:31:08,946701068,100,84,0,1,17,0,0,0,100,0,0,1,100,95,5
2000-01-01 06:31:38,946701098,100,81,3,253,17,0,0,0,100,0,0,0,100,95,4
2000-01-01 06:32:08,946701128,100,73,1,248,17,0,0,0,100,0,0,0,100,95,4
2000-01-01 06:32:38,946701158,100,68,1,251,17,0,0,0,100,0,0,0,100,95,4
2000-01-01 06:34:02,946701242,100,69,1,1,17,0,0,0,100,0,0,0,100,95,4
2000-01-01 06:34:32,946701272,100,70,0,1,17,0,0,0,100,0,0,0,100,95,4
2000-01-01 06:35:02,946701302,100,70,0,0,17,0,0,0,100,0,0,0,100,95,4
2000-01-01 06:35:32,946701332,100,66,3,252,17,0,0,0,100,0,0,0,100,95,4
2000-01-01 06:36:02,946701362,100,64,1,254,17,0,0,0,100,0,0,0,100,95,4
2000-01-01 06:36:32,946701392,100,71,0,7,17,0,0,0,100,0,0,0,100,95,4
2000-01-01 06:37:02,946701422,100,73,1,2,17,0,0,0,100,0,0,0,100,95,4
2000-01-01 06:37:32,946701452,100,74,0,1,17,0,0,0,100,0,0,0,100,95,4
2000-01-01 06:38:02,946701482,100,74,3,0,17,0,0,0,100,0,0,0,100,95,4
2000-01-01 06:38:32,946701512,100,78,3,4,17,0,0,0,100,0,0,0,100,95,4
2000-01-01 06:39:02,946701542,100,94,20,16,20,3,3,0,100,0,0,0,100,95,4
2000-01-01 06:39:32,946701572,100,89,16,251,20,0,0,0,100,0,0,0,100,95,4
2000-01-01 06:40:02,946701602,100,62,1,229,22,1,2,0,100,0,0,0,100,95,4
2000-01-01 06:40:32,946701632,100,63,1,1,23,0,1,0,100,0,0,0,100,95,4
2000-01-01 06:41:02,946701662,100,62,0,255,20,2,253,0,100,0,0,0,100,95,4
2000-01-01 06:41:32,946701692,100,69,7,7,19,2,255,0,100,0,0,0,100,95,4
2000-01-01 06:42:02,946701722,100,85,0,16,24,0,5,0,100,0,0,0,100,95,4
2000-01-01 06:42:32,946701752,100,66,5,237,21,0,253,0,100,0,0,0,100,95,4
2000-01-01 06:43:02,946701782,100,70,1,4,18,1,253,0,100,0,0,0,100,95,4
2000-01-01 06:43:32,946701812,100,69,0,255,17,0,255,0,100,0,0,0,100,95,4
2000-01-01 06:44:50,946701890,100,69,0,0,17,0,0,0,100,0,0,0,100,95,4
2000-01-01 06:45:20,946701920,100,62,1,249,18,0,1,0,100,0,0,0,100,95,4
2000-01-01 06:45:50,946701950,100,62,0,0,17,0,255,0,100,0,0,0,100,95,4
2000-01-01 06:46:20,946701980,100,62,2,0,18,1,1,0,100,0,0,0,100,95,4
2000-01-01 06:46:50,946702010,100,67,0,5,21,0,3,0,100,0,0,0,100,95,4
2000-01-01 06:47:20,946702040,100,67,0,0,21,0,0,0,100,0,0,0,100,95,4
2000-01-01 06:47:50,946702070,100,67,0,0,20,1,255,0,100,0,0,0,100,95,4
2000-01-01 06:48:20,946702100,100,65,1,254,19,1,255,0,100,0,0,0,100,95,4
2000-01-01 06:48:50,946702130,100,64,0,255,20,0,1,0,100,0,0,0,100,95,4
2000-01-01 06:49:20,946702160,100,66,4,2,17,0,253,0,100,0,0,0,100,95,4
2000-01-01 06:49:50,946702190,100,76,3,10,17,1,0,0,100,0,0,0,100,95,4
2000-01-01 06:50:20,946702220,100,70,3,250,19,0,2,0,100,0,0,0,100,95,4
2000-01-01 06:50:50,946702250,100,75,1,5,19,0,0,0,100,0,0,0,100,95,4
2000-01-01 06:51:20,946702280,100,67,0,248,18,0,255,0,100,0,0,0,100,95,4
2000-01-01 06:51:50,946702310,100,66,0,255,18,0,0,0,100,0,0,0,100,95,4
2000-01-01 06:52:20,946702340,100,65,1,255,19,0,1,0,100,0,0,0,100,95,4
2000-01-01 06:52:50,946702370,100,68,6,3,18,1,255,0,100,0,0,0,100,95,4
2000-01-01 06:53:20,946702400,100,83,2,15,17,0,255,0,100,0,0,0,100,95,4
2000-01-01 06:53:50,946702430,100,80,6,253,17,0,0,0,100,0,0,0,100,95,4
2000-01-01 06:54:20,946702460,100,70,5,246,17,0,0,0,100,0,0,0,100,95,4
2000-01-01 06:55:50,946702550,100,62,0,248,19,0,2,0,100,0,0,0,100,95,4
2000-01-01 06:56:20,946702580,100,62,0,0,17,1,254,0,100,0,0,0,100,95,4
2000-01-01 06:56:50,946702610,100,65,4,3,17,0,0,0,100,0,0,0,100,95,4
2000-01-01 06:57:20,946702640,100,84,4,19,17,0,0,0,100,0,0,0,100,95,4
2000-01-01 06:57:50,946702670,100,66,3,238,18,1,1,0,100,0,0,0,100,95,4
2000-01-01 06:58:20,946702700,100,79,4,13,21,0,3,0,100,0,0,0,100,95,4
2000-01-01 06:58:50,946702730,100,84,3,5,19,1,254,0,100,0,0,0,100,95,4
2000-01-01 06:59:20,946702760,100,77,7,249,19,0,0,0,100,0,0,0,100,95,4
2000-01-01 06:59:50,946702790,100,71,4,250,18,0,255,0,100,0,0,0,100,95,4
2000-01-01 07:00:20,946702820,100,77,0,6,17,0,255,0,100,0,0,0,100,95,4
2000-01-01 07:00:50,946702850,100,78,0,1,18,0,1,0,100,0,0,0,100,95,4
2000-01-01 07:01:20,946702880,100,64,3,242,17,0,255,0,100,0,0,0,100,95,4
2000-01-01 07:01:50,946702910,100,68,3,4,16,0,255,0,100,1,0,1,100,95,5
2000-01-01 07:02:20,946702940,100,71,0,3,16,0,0,0,100,0,0,1,100,95,5
2000-01-01 07:02:50,946702970,100,81,6,10,17,0,1,0,100,0,0,1,100,95,5
2000-01-01 07:03:20,946703000,100,88,3,7,20,1,3,0,100,0,0,1,100,95,5
2000-01-01 07:03:50,946703030,100,83,3,251,23,1,3,0,100,0,0,1,100,95,5
2000-01-01 07:04:20,946703060,100,74,5,247,18,1,251,0,100,0,0,1,100,95,5
2000-01-01 07:04:50,946703090,100,70,0,252,17,0,255,0,100,0,0,1,100,95,5
2000-01-01 07:05:20,946703120,100,67,5,253,17,0,0,0,100,0,0,1,100,95,5
2000-01-01 07:06:48,946703208,100,67,4,0,17,0,0,0,100,0,0,1,100,95,5
2000-01-01 07:07:18,946703238,100,66,1,255,17,0,0,0,100,0,0,1,100,95,5
2000-01-01 07:07:48,946703268,100,66,0,0,17,0,0,0,100,0,0,1,100,95,5
2000-01-01 07:08:18,946703298,100,70,4,4,17,0,0,0,100,0,0,1,100,95,5
2000-01-01 07:08:48,946703328,100,73,2,3,19,1,2,0,100,0,0,0,100,95,4
2000-01-01 07:09:18,946703358,100,66,0,249,22,1,3,0,100,1,0,1,100,95,5
2000-01-01 07:09:48,946703388,100,64,1,254,16,0,250,0,100,0,0,1,100,95,5
2000-01-01 07:10:18,946703418,100,63,1,255,16,0,0,0,100,0,0,1,100,95,5
2000-01-01 07:10:48,946703448,100,64,1,1,17,1,1,0,100,0,0,1,100,95,5
2000-01-01 07:11:18,946703478,100,71,5,7,20,2,3,0,100,0,0,1,100,95,5
2000-01-01 07:11:48,946703508,100,88,5,17,23,1,3,0,100,0,0,1,100,95,5
2000-01-01 07:12:18,946703538,100,63,1,231,16,1,249,0,100,0,0,1,100,95,5
2000-01-01 07:12:48,946703568,100,62,0,255,15,0,255,0,100,0,0,1,100,95,5
2000-01-01 07:13:18,946703598,100,62,0,0,16,0,1,0,100,0,0,1,100,95,5
2000-01-01 07:13:48,946703628,100,62,0,0,16,0,0,0,100,0,0,1,100,95,5
2000-01-01 07:14:18,946703658,100,62,0,0,16,0,0,0,100,0,0,1,100,95,5
2000-01-01 07:14:48,946703688,100,62,0,0,16,0,0,0,100,0,0,1,100,95,5
2000-01-01 07:15:18,946703718,100,62,0,0,16,0,0,0,100,0,0,1,100,95,5
2000-01-01 07:15:48,946703748,100,63,2,1,16,0,0,0,100,0,0,1,100,95,5
2000-01-01 07:16:18,946703778,100,75,1,12,16,0,0,0,100,0,0,1,100,95,5
2000-01-01 07:17:41,946703861,100,67,4,248,16,0,0,0,100,0,0,1,100,95,5
2000-01-01 07:18:11,946703891,100,62,0,251,16,0,0,0,100,0,0,1,100,95,5
2000-01-01 07:18:41,946703921,100,67,4,5,16,0,0,0,100,0,0,1,100,95,5
2000-01-01 07:19:11,946703951,100,73,0,6,18,0,2,0,100,0,0,1,100,95,5
2000-01-01 07:19:41,946703981,100,72,1,255,18,0,0,0,100,0,0,1,100,95,5
2000-01-01 07:20:11,946704011,100,69,0,253,16,0,254,0,100,0,0,1,100,95,5
2000-01-01 07:20:41,946704041,100,69,0,0,17,1,1,0,100,0,0,1,100,95,5
2000-01-01 07:21:11,946704071,100,69,0,0,18,1,1,0,100,0,0,1,100,95,5
2000-01-01 07:21:41,946704101,100,66,2,253,17,1,255,0,100,0,0,1,100,95,5
2000-01-01 07:22:11,946704131,100,70,2,4,17,0,0,0,100,0,0,1,100,95,5
2000-01-01 07:22:41,946704161,100,69,0,255,17,1,0,0,100,0,0,1,100,95,5
2000-01-01 07:23:11,946704191,100,77,5,8,18,0,1,0,100,0,0,1,100,95,5
2000-01-01 07:23:41,946704221,100,74,2,253,18,1,0,0,100,0,0,1,100,95,5
2000-01-01 07:24:11,946704251,100,69,5,251,22,1,4,0,100,0,0,1,100,95,5
2000-01-01 07:24:41,946704281,100,64,2,251,20,2,254,0,100,0,0,1,100,95,5
2000-01-01 07:25:11,946704311,100,67,0,3,21,1,1,0,100,0,0,1,100,95,5
2000-01-01 07:25:41,946704341,100,79,5,12,22,2,1,0,100,0,0,1,100,95,5
2000-01-01 07:26:11,946704371,100,71,1,248,16,1,250,0,100,0,0,1,100,95,5
2000-01-01 07:26:41,946704401,100,76,1,5,16,0,0,0,100,0,0,1,100,95,5
2000-01-01 07:27:11,946704431,100,79,2,3,16,0,0,0,100,0,0,1,100,95,5
2000-01-01 07:28:36,946704516,100,71,3,248,17,1,1,0,100,0,0,1,100,95,5
2000-01-01 07:29:06,946704546,100,75,0,4,16,0,255,0,100,0,0,1,100,95,5
2000-01-01 07:29:36,946704576,100,77,2,2,17,0,1,0,100,0,0,1,100,95,5
2000-01-01 07:30:06,946704606,100,85,3,8,17,0,0,0,100,0,0,1,100,95,5
2000-01-01 07:30:36,946704636,100,82,4,253,17,0,0,0,100,0,0,1,100,95,5
2000-01-01 07:31:06,946704666,100,79,0,253,17,0,0,0,100,0,0,1,100,95,5
2000-01-01 07:31:36,946704696,100,76,3,253,17,0,0,0,100,0,0,1,100,95,5
2000-01-01 07:32:06,946704726,100,73,1,253,17,0,0,0,100,0,0,1,100,96,5
2000-01-01 07:32:36,946704756,100,76,2,3,17,0,0,0,100,0,0,1,100,95,5
2000-01-01 07:33:06,946704786,100,74,3,254,17,0,0,0,100,0,0,1,100,96,5
2000-01-01 07:33:36,946704816,100,76,5,2,19,1,2,0,100,0,0,1,100,96,5
2000-01-01 07:34:06,946704846,100,81,3,5,17,1,254,0,100,0,0,1,100,95,5
2000-01-01 07:34:36,946704876,100,75,2,250,17,0,0,0,100,0,0,1,100,95,5
2000-01-01 07:35:06,946704906,100,73,0,254,17,0,0,0,100,0,0,1,100,95,5
2000-01-01 07:35:36,946704936,100,73,1,0,17,0,0,0,100,0,0,1,100,95,5
2000-01-01 07:36:06,946704966,100,66,1,249,17,0,0,0,100,0,0,1,100,95,5
2000-01-01 07:36:36,946704996,100,71,5,5,17,0,0,0,100,0,0,1,100,95,5
2000-01-01 07:37:06,946705026,100,76,1,5,17,0,0,0,100,0,0,1,100,95,5
2000-01-01 07:37:36,946705056,100,79,0,3,20,2,3,0,100,0,0,1,100,95,5
2000-01-01 07:38:06,946705086,100,75,5,252,19,1,255,0,100,0,0,1,100,95,5
2000-01-01 07:39:25,946705165,100,63,0,244,17,1,254,0,100,0,0,1,100,95,5
2000-01-01 07:39:55,946705195,100,69,6,6,18,1,1,0,100,0,0,1,100,95,5
2000-01-01 07:40:25,946705225,100,83,4,14,17,0,255,0,100,0,0,1,100,95,5
2000-01-01 07:40:55,946705255,100,65,2,238,17,0,0,0,100,0,0,1,100,95,5
2000-01-01 07:41:25,946705285,100,65,2,0,17,0,0,0,100,0,0,1,100,95,5
2000-01-01 07:41:55,946705315,100,69,1,4,17,0,0,0,100,0,0,1,100,95,5
2000-01-01 07:42:25,946705345,100,63,1,250,17,0,0,0,100,0,0,1,100,95,5
2000-01-01 07:42:55,946705375,100,66,2,3,17,0,0,0,100,0,0,1,100,95,5
2000-01-01 07:43:25,946705405,100,69,0,3,17,0,0,0,100,0,0,1,100,95,5
2000-01-01 07:43:55,946705435,100,70,0,1,17,0,0,0,100,0,0,1,100,95,5
2000-01-01 07:44:25,946705465,100,78,6,8,17,0,0,0,100,0,0,1,100,95,5
2000-01-01 07:44:55,946705495,100,80,2,2,17,0,0,0,100,0,0,1,100,95,5
2000-01-01 07:45:25,946705525,100,77,0,253,17,0,0,0,100,0,0,1,100,95,5
2000-01-01 07:45:55,946705555,100,69,4,248,17,0,0,0,100,0,0,1,100,95,5
2000-01-01 07:46:25,946705585,100,67,2,254,17,1,0,0,100,0,0,1,100,95,5
2000-01-01 07:46:55,946705615,100,87,3,20,23,0,6,0,100,0,0,1,100,95,5
2000-01-01 07:47:25,946705645,100,72,10,241,22,0,255,0,100,0,0,1,100,95,5
2000-01-01 07:47:55,946705675,100,62,2,246,20,0,254,0,100,0,0,1,100,95,5
2000-01-01 07:48:25,946705705,100,71,0,9,19,1,255,0,100,0,0,1,100,95,5
2000-01-01 07:48:55,946705735,100,76,3,5,19,0,0,0,100,0,0,1,100,95,5
2000-01-01 07:50:15,946705815,100,79,2,3,18,0,255,0,100,0,0,1,100,95,5
2000-01-01 07:50:45,946705845,100,67,0,244,16,1,254,0,100,0,0,1,100,95,5
2000-01-01 07:51:15,946705875,100,68,2,1,16,0,0,0,100,0,0,1,100,95,5
2000-01-01 07:51:45,946705905,100,71,3,3,16,0,0,0,100,0,0,1,100,95,5
2000-01-01 07:52:15,946705935,100,65,2,250,17,1,1,0,100,0,0,0,100,95,4
2000-01-01 07:52:45,946705965,100,62,0,253,17,0,0,0,100,0,0,0,100,95,4
2000-01-01 07:53:15,946705995,100,62,0,0,15,0,254,0,100,0,0,0,100,95,4
2000-01-01 07:53:45,946706025,100,62,0,0,15,0,0,0,100,0,0,0,100,95,4
2000-01-01 07:54:15,946706055,100,63,2,1,15,0,0,0,100,0,0,0,100,95,4
2000-01-01 07:54:45,946706085,100,65,3,2,16,0,1,0,100,0,0,0,100,95,4
2000-01-01 07:55:15,946706115,100,69,2,4,18,1,2,0,100,0,0,0,100,95,4
2000-01-01 07:55:45,946706145,100,66,0,253,18,0,0,0,100,0,0,0,100,95,4
2000-01-01 07:56:15,946706175,100,65,0,255,17,0,255,0,100,0,0,0,100,95,4
2000-01-01 07:56:45,946706205,100,68,3,3,17,0,0,0,100,0,0,0,100,95,4
2000-01-01 07:57:15,946706235,100,65,3,253,17,0,0,0,100,0,0,0,100,95,4
2000-01-01 07:57:45,946706265,100,63,0,254,18,1,1,0,100,0,0,0,100,95,4
2000-01-01 07:58:15,946706295,100,63,0,0,16,1,254,0,100,0,0,0,100,95,4
2000-01-01 07:58:45,946706325,100,63,0,0,16,0,0,0,100,0,0,0,100,95,4
2000-01-01 07:59:15,946706355,100,65,2,2,16,0,0,0,100,0,0,0,100,95,4
2000-01-01 07:59:45,946706385,100,66,2,1,16,0,0,0,100,0,0,0,100,95,4
2000-01-01 08:01:10,946706470,100,67,3,1,17,0,1,0,100,0,0,0,100,95,4
2000-01-01 08:01:40,946706500,100,72,4,5,17,0,0,0,100,0,0,0,100,95,4
2000-01-01 08:02:10,946706530,100,73,5,1,17,0,0,0,100,0,0,0,100,95,4
2000-01-01 08:02:40,946706560,100,62,0,245,17,0,0,0,100,0,0,0,100,95,4
2000-01-01 08:03:10,946706590,100,62,0,0,17,0,0,0,100,0,0,0,100,95,4
2000-01-01 08:03:40,946706620,100,62,0,0,17,0,0,0,100,0,0,0,100,95,4
2000-01-01 08:04:10,946706650,100,62,0,0,17,0,0,0,100,0,0,0,100,95,4
2000-01-01 08:04:40,946706680,100,62,0,0,16,0,255,0,100,0,0,0,100,95,4
2000-01-01 08:05:10,946706710,100,62,0,0,16,0,0,0,100,0,0,0,100,95,4
2000-01-01 08:05:40,946706740,100,62,0,0,16,0,0,0,100,0,0,0,100,95,4
2000-01-01 08:06:10,946706770,100,62,0,0,16,0,0,0,100,0,0,0,100,95,4
2000-01-01 08:06:40,946706800,100,62,0,0,16,0,0,0,100,0,0,0,100,95,4
2000-01-01 08:07:10,946706830,100,62,0,0,16,0,0,0,100,0,0,0,100,95,4
2000-01-01 08:07:40,946706860,100,63,2,1,18,1,2,0,100,0,0,0,100,95,4
2000-01-01 08:08:10,946706890,100,67,0,4,19,1,1,0,100,0,0,0,100,95,4
2000-01-01 08:08:40,946706920,100,65,1,254,18,1,255,0,100,0,0,0,100,95,4
2000-01-01 08:09:10,946706950,100,65,0,0,17,0,255,0,100,0,0,0,100,95,4
2000-01-01 08:09:40,946706980,100,65,0,0,16,0,255,0,100,0,0,0,100,95,4
2000-01-01 08:10:10,946707010,100,69,4,4,16,0,0,0,100,0,0,0,100,95,4
2000-01-01 08:10:40,946707040,100,65,1,252,16,0,0,0,100,0,0,0,100,95,4
2000-01-01 08:12:06,946707126,100,71,0,6,16,0,0,0,100,0,0,0,100,95,4
2000-01-01 08:12:36,946707156,100,71,0,0,17,0,1,0,100,0,0,0,100,95,4
2000-01-01 08:13:06,946707186,100,70,1,255,17,0,0,0,100,0,0,0,100,95,4
2000-01-01 08:13:36,946707216,100,68,3,254,16,0,255,0,100,0,0,0,100,95,4
2000-01-01 08:14:06,946707246,100,65,0,253,16,0,0,0,100,0,0,0,100,95,4
2000-01-01 08:14:36,946707276,100,64,0,255,15,0,255,0,100,0,0,0,100,95,4
2000-01-01 08:15:06,946707306,100,62,1,254,16,0,1,0,100,0,0,0,100,95,4
2000-01-01 08:15:36,946707336,100,62,0,0,16,0,0,0,100,0,0,0,100,95,4
2000-01-01 08:16:06,946707366,100,66,3,4,16,0,0,0,100,0,0,0,100,95,4
2000-01-01 08:16:36,946707396,100,73,1,7,16,0,0,0,100,0,0,0,100,95,4
2000-01-01 08:17:06,946707426,100,64,3,247,17,0,1,0,100,0,0,0,100,95,4
2000-01-01 08:17:36,946707456,100,63,0,255,17,0,0,0,100,0,0,0,100,95,4
2000-01-01 08:18:06,946707486,100,63,0,0,17,0,0,0,100,0,0,0,100,95,4
2000-01-01 08:18:36,946707516,100,64,3,1,18,2,1,0,100,0,0,0,100,95,4
2000-01-01 08:19:06,946707546,100,81,3,17,24,0,6,0,100,0,0,0,100,95,4
2000-01-01 08:19:36,946707576,100,78,6,253,19,2,251,0,100,0,0,0,100,95,4
2000-01-01 08:20:06,946707606,100,81,5,3,17,0,254,0,100,0,0,0,100,95,4
2000-01-01 08:20:36,946707636,100,86,2,5,16,0,255,0,100,0,0,0,100,95,4
2000-01-01 08:21:06,946707666,100,72,1,242,16,1,0,0,100,0,0,0,100,95,4
2000-01-01 08:21:36,946707696,100,72,6,0,22,1,6,0,100,0,0,1,100,95,5
2000-01-01 08:22:57,946707777,100,78,7,6,23,1,1,0,100,0,0,1,100,95,5
2000-01-01 08:23:27,946707807,100,71,8,249,21,0,254,0,100,0,0,1,100,95,5
2000-01-01 08:23:57,946707837,100,62,0,247,19,0,254,0,100,0,0,1,100,95,5
2000-01-01 08:24:27,946707867,100,62,0,0,18,0,255,0,100,0,0,1,100,95,5
2000-01-01 08:24:57,946707897,100,62,0,0,20,1,2,0,100,0,0,1,100,95,5
2000-01-01 08:25:27,946707927,100,66,2,4,22,0,2,0,100,0,0,1,100,95,5
2000-01-01 08:25:57,946707957,100,68,0,2,22,1,0,0,100,0,0,1,100,95,5
2000-01-01 08:26:27,946707987,100,70,0,2,21,0,255,0,100,0,0,1,100,95,5
2000-01-01 08:26:57,946708017,100,70,1,0,20,0,255,0,100,0,0,1,100,95,5
2000-01-01 08:27:27,946708047,100,82,5,12,21,1,1,0,100,0,0,1,100,95,5
2000-01-01 08:27:57,946708077,100,87,4,5,24,0,3,0,100,0,0,1,100,95,5
2000-01-01 08:28:27,946708107,100,75,1,244,24,1,0,0,100,0,0,1,100,95,5
2000-01-01 08:28:57,946708137,100,77,1,2,19,0,251,0,100,0,0,1,100,95,5
2000-01-01 08:29:27,946708167,100,78,0,1,19,1,0,0,100,0,0,1,100,95,5
2000-01-01 08:29:57,946708197,100,75,4,253,22,1,3,0,100,0,0,1,100,95,5
2000-01-01 08:30:27,946708227,100,63,2,244,20,0,254,0,100,0,0,1,100,95,5
2000-01-01 08:30:57,946708257,100,75,2,12,22,0,2,0,100,0,0,1,100,95,5
2000-01-01 08:31:27,946708287,100,73,4,254,17,0,251,0,100,0,0,1,100,95,5
2000-01-01 08:31:57,946708317,100,65,0,248,20,1,3,0,100,0,0,1,100,95,5
2000-01-01 08:32:27,946708347,100,65,0,0,21,0,1,0,100,0,0,1,100,95,5
2000-01-01 08:33:56,946708436,100,69,3,4,21,0,0,0,100,0,0,1,100,95,5
2000-01-01 08:34:26,946708466,100,73,2,4,18,0,253,0,100,0,0,1,100,95,5
2000-01-01 08:34:56,946708496,100,72,0,255,17,0,255,0,100,0,0,1,100,95,5
2000-01-01 08:35:26,946708526,100,71,0,255,17,1,0,0,100,0,0,1,100,95,5
2000-01-01 08:35:56,946708556,100,70,0,255,20,0,3,0,100,0,0,1,100,95,5
2000-01-01 08:36:26,946708586,100,77,5,7,21,0,1,0,100,0,0,1,100,95,5
2000-01-01 08:36:56,946708616,100,83,0,6,22,0,1,0,100,0,0,1,100,95,5
2000-01-01 08:37:26,946708646,100,74,2,247,23,1,1,0,100,0,0,1,100,95,5
2000-01-01 08:37:56,946708676,100,66,3,248,20,2,253,0,100,0,0,1,100,95,5
2000-01-01 08:38:26,946708706,100,71,1,5,19,0,255,0,100,0,0,1,100,95,5
2000-01-01 08:38:56,946708736,100,71,4,0,19,0,0,0,100,0,0,1,100,95,5
2000-01-01 08:39:26,946708766,100,64,2,249,19,0,0,0,100,0,0,1,100,95,5
2000-01-01 08:39:56,946708796,100,73,1,9,18,0,255,0,100,0,0,1,100,95,5
2000-01-01 08:40:26,946708826,100,74,4,1,17,0,255,0,100,0,0,1,100,95,5
2000-01-01 08:40:56,946708856,100,65,1,247,19,1,2,0,100,0,0,1,100,95,5
2000-01-01 08:41:26,946708886,100,65,0,0,19,0,0,0,100,0,0,1,100,95,5
2000-01-01 08:41:56,946708916,100,70,3,5,18,0,255,0,100,0,0,1,100,95,5
2000-01-01 08:42:26,946708946,100,64,0,250,18,0,0,0,100,0,0,1,100,95,5
2000-01-01 08:42:56,946708976,100,70,6,6,18,0,0,0,100,0,0,1,100,95,5
2000-01-01 08:43:26,946709006,100,75,2,5,19,0,1,0,100,0,0,1,100,95,5
2000-01-01 08:55:04,946709704,100,75,7,75,16,0,16,71,28,0,0,1,99,46,5
2000-01-01 08:55:34,946709734,100,85,4,10,16,0,0,0,100,0,0,1,100,95,5
2000-01-01 08:56:04,946709764,100,71,1,242,16,0,0,0,100,0,0,1,100,95,5
2000-01-01 08:56:34,946709794,100,67,1,252,17,0,1,0,100,0,0,1,100,95,5
2000-01-01 08:57:04,946709824,100,69,2,2,17,0,0,0,100,0,0,1,100,95,5
2000-01-01 08:57:34,946709854,100,69,4,0,17,0,0,0,100,0,0,1,100,95,5
2000-01-01 08:58:04,946709884,100,65,0,252,16,0,255,0,100,0,0,1,100,95,5
2000-01-01 08:58:34,946709914,100,62,0,253,17,0,1,0,100,0,0,1,100,95,5
2000-01-01 08:59:04,946709944,100,64,1,2,16,0,255,0,100,0,0,1,100,95,5
2000-01-01 08:59:34,946709974,100,62,1,254,16,0,0,0,100,0,0,1,100,95,5
2000-01-01 09:00:04,946710004,100,66,3,4,16,0,0,0,100,0,0,1,100,95,5
2000-01-01 09:00:34,946710034,100,64,0,254,16,0,0,0,100,0,0,1,100,95,5
2000-01-01 09:01:04,946710064,100,64,1,0,16,0,0,0,100,0,0,1,100,95,5
2000-01-01 09:01:34,946710094,100,73,2,9,16,0,0,0,100,0,0,1,100,95,5
2000-01-01 09:02:04,946710124,100,69,1,252,16,0,0,0,100,0,0,1,100,95,5
2000-01-01 09:02:34,946710154,100,71,2,2,16,0,0,0,100,0,0,1,100,95,5
2000-01-01 09:03:04,946710184,100,68,5,253,16,0,0,0,100,0,0,1,100,95,5
2000-01-01 09:03:34,946710214,100,63,0,251,16,0,0,0,100,0,0,1,100,95,5
2000-01-01 09:04:04,946710244,100,62,0,255,16,0,0,0,100,0,0,1,100,95,5
2000-01-01 09:04:34,946710274,100,62,0,0,17,0,1,0,100,0,0,1,100,95,5
2000-01-01 09:05:59,946710359,100,62,0,0,17,0,0,0,100,0,0,1,100,95,5
2000-01-01 09:06:29,946710389,100,62,0,0,17,0,0,0,100,0,0,1,100,95,5
2000-01-01 09:06:59,946710419,100,62,0,0,17,0,0,0,100,0,0,1,100,95,5
2000-01-01 09:07:29,946710449,100,62,0,0,17,0,0,0,100,0,0,1,100,95,5
2000-01-01 09:07:59,946710479,100,62,0,0,17,0,0,0,100,0,0,1,100,95,5
2000-01-01 09:08:29,946710509,100,62,0,0,16,0,255,0,100,0,0,1,100,95,5
2000-01-01 09:08:59,946710539,100,62,0,0,16,0,0,0,100,0,0,1,100,95,5
2000-01-01 09:09:29,946710569,100,62,0,0,16,0,0,0,100,0,0,1,100,95,5
2000-01-01 09:09:59,946710599,100,62,0,0,16,0,0,0,100,0,0,1,100,96,5
2000-01-01 09:10:29,946710629,100,62,0,0,16,0,0,0,100,0,0,1,100,96,5
2000-01-01 09:10:59,946710659,100,74,7,12,16,0,0,0,100,0,0,1,100,95,5
2000-01-01 09:11:29,946710689,100,66,2,248,16,0,0,0,100,0,0,1,100,95,5
2000-01-01 09:11:59,946710719,100,64,0,254,16,0,0,0,100,0,0,0,100,95,4
2000-01-01 09:12:29,946710749,100,69,5,5,16,0,0,0,100,0,0,0,100,95,4
2000-01-01 09:12:59,946710779,100,70,7,1,16,0,0,0,100,0,0,0,100,95,4
2000-01-01 09:13:29,946710809,100,63,0,249,16,0,0,0,100,0,0,0,100,95,4
2000-01-01 09:13:59,946710839,100,63,0,0,16,0,0,0,100,0,0,0,100,95,4
2000-01-01 09:14:29,946710869,100,63,0,0,16,0,0,0,100,0,0,0,100,95,4
2000-01-01 09:14:59,946710899,100,63,0,0,16,0,0,0,100,0,0,0,100,95,4
2000-01-01 09:15:29,946710929,100,63,0,0,16,0,0,0,100,0,0,0,100,95,4
2000-01-01 09:16:56,946711016,100,65,0,2,17,0,1,0,100,0,0,0,100,95,4
2000-01-01 09:17:26,946711046,100,65,0,0,16,0,255,0,100,0,0,0,100,95,4
2000-01-01 09:17:56,946711076,100,66,10,1,17,2,1,0,100,0,0,0,100,95,4
2000-01-01 09:18:26,946711106,100,115,6,49,22,1,5,0,100,0,0,0,100,95,4
2000-01-01 09:18:56,946711136,100,97,2,238,19,2,253,0,100,0,0,0,100,95,4
2000-01-01 09:19:26,946711166,100,81,10,240,15,0,252,0,100,0,0,0,100,95,4
2000-01-01 09:19:56,946711196,100,64,0,239,15,1,0,0,100,0,0,0,100,95,4
2000-01-01 09:20:26,946711226,100,76,8,12,20,2,5,0,100,0,0,0,100,95,4
2000-01-01 09:20:56,946711256,100,90,5,14,21,2,1,0,100,0,0,0,100,96,4
2000-01-01 09:21:26,946711286,100,66,0,232,16,0,251,0,100,0,0,0,100,96,4
2000-01-01 09:21:56,946711316,100,65,0,255,15,0,255,0,100,1,0,0,100,95,4
2000-01-01 09:22:26,946711346,100,65,0,0,15,0,0,0,100,0,0,0,100,95,4
2000-01-01 09:22:56,946711376,100,65,0,0,15,0,0,0,100,0,0,0,100,95,4
2000-01-01 09:23:26,946711406,100,65,0,0,15,0,0,0,100,0,0,0,100,95,4
2000-01-01 09:23:56,946711436,100,66,1,1,16,0,1,0,100,0,0,0,100,95,4
2000-01-01 09:24:26,946711466,100,65,2,255,16,0,0,0,100,0,0,0,100,95,4
2000-01-01 09:24:56,946711496,100,64,2,255,16,0,0,0,100,0,0,0,100,95,4
2000-01-01 09:25:26,946711526,100,68,1,4,16,0,0,0,100,0,0,0,100,95,4
2000-01-01 09:25:56,946711556,100,65,1,253,16,0,0,0,100,0,0,0,100,95,4
2000-01-01 09:26:26,946711586,100,64,0,255,16,0,0,0,100,0,0,0,100,95,4
2000-01-01 09:27:54,946711674,100,64,0,0,15,0,255,0,100,0,0,0,100,95,4
2000-01-01 09:28:24,946711704,100,64,0,0,15,0,0,0,100,0,0,0,100,95,4
2000-01-01 09:28:54,946711734,100,64,0,0,15,0,0,0,100,0,0,0,100,95,4
2000-01-01 09:29:24,946711764,100,62,0,254,16,0,1,0,100,0,0,0,100,95,4
2000-01-01 09:29:54,946711794,100,64,2,2,16,0,0,0,100,0,0,0,100,95,4
2000-01-01 09:30:24,946711824,100,66,0,2,15,0,255,0,100,0,0,0,100,95,4
2000-01-01 09:30:54,946711854,100,66,0,0,16,0,1,0,100,0,0,0,100,95,4
2000-01-01 09:31:24,946711884,100,63,1,253,16,0,0,0,100,0,0,0,100,95,4
2000-01-01 09:31:54,946711914,100,62,0,255,16,0,0,0,100,0,0,0,100,95,4
2000-01-01 09:32:24,946711944,100,63,1,1,16,0,0,0,100,0,0,0,100,95,4
2000-01-01 09:32:54,946711974,100,63,1,0,16,0,0,0,100,0,0,0,100,95,4
2000-01-01 09:33:24,946712004,100,63,0,0,16,0,0,0,100,0,0,0,100,95,4
2000-01-01 09:33:54,946712034,100,67,0,4,16,0,0,0,100,0,0,0,100,95,4
2000-01-01 09:34:24,946712064,100,71,4,4,18,1,2,0,100,0,0,0,100,95,4
2000-01-01 09:34:54,946712094,100,71,2,0,16,0,254,0,100,0,0,0,100,96,4
2000-01-01 09:35:24,946712124,100,71,0,0,16,0,0,0,100,0,0,0,100,95,4
2000-01-01 09:35:54,946712154,100,66,1,251,16,0,0,0,100,0,0,0,100,95,4
2000-01-01 09:36:24,946712184,100,66,0,0,17,0,1,0,100,0,0,0,100,95,4
2000-01-01 09:36:54,946712214,100,66,0,0,17,0,0,0,100,0,0,0,100,95,4
2000-01-01 09:37:24,946712244,100,66,0,0,17,0,0,0,100,0,0,0,100,95,4
2000-01-01 09:38:52,946712332,100,67,2,1,17,0,0,0,100,0,0,0,100,95,4
2000-01-01 09:39:22,946712362,100,72,3,5,17,0,0,0,100,0,0,0,100,95,4
2000-01-01 09:39:52,946712392,100,76,4,4,17,0,0,0,100,0,0,0,100,95,4
2000-01-01 09:40:22,946712422,100,79,2,3,17,0,0,0,100,0,0,0,100,95,4
2000-01-01 09:40:52,946712452,100,72,0,249,17,0,0,0,100,0,0,0,100,95,4
2000-01-01 09:41:22,946712482,100,66,0,250,16,0,255,0,100,0,0,0,100,95,4
2000-01-01 09:41:52,946712512,100,64,1,254,17,0,1,0,100,0,0,1,100,95,5
2000-01-01 09:42:22,946712542,100,63,0,255,17,0,0,0,100,0,0,1,100,95,5
2000-01-01 09:42:52,946712572,100,63,0,0,17,0,0,0,100,0,0,1,100,95,5
2000-01-01 09:43:22,946712602,100,63,0,0,17,0,0,0,100,0,0,1,100,95,5
2000-01-01 09:43:52,946712632,100,63,0,0,16,1,255,0,100,0,0,1,100,95,5
2000-01-01 09:44:22,946712662,100,62,0,255,18,0,2,0,100,0,0,1,100,95,5
2000-01-01 09:44:52,946712692,100,62,0,0,17,1,255,0,100,0,0,1,100,95,5
2000-01-01 09:45:22,946712722,100,69,3,7,16,1,255,0,100,0,0,1,100,95,5
2000-01-01 09:45:52,946712752,100,65,2,252,18,0,2,0,100,0,0,1,100,95,5
2000-01-01 09:46:22,946712782,100,63,0,254,18,0,0,0,100,0,0,1,100,95,5
2000-01-01 09:46:52,946712812,100,62,0,255,17,0,255,0,100,0,0,1,100,95,5
2000-01-01 09:47:22,946712842,100,64,3,2,19,2,2,0,100,0,0,1,100,95,5
2000-01-01 09:47:52,946712872,100,87,4,23,23,1,4,0,100,0,0,1,100,95,5
2000-01-01 09:48:22,946712902,100,70,8,239,17,1,250,0,100,0,0,1,100,95,5
2000-01-01 09:49:57,946712997,100,69,1,255,16,0,255,0,100,0,0,1,100,95,5
2000-01-01 09:50:27,946713027,100,69,4,0,17,0,1,0,100,0,0,1,100,95,5
2000-01-01 09:50:57,946713057,100,71,3,2,17,0,0,0,100,0,0,1,100,95,5
2000-01-01 09:51:27,946713087,100,71,2,0,19,1,2,0,100,0,0,1,100,95,5
2000-01-01 09:51:57,946713117,100,65,1,250,20,1,1,0,100,0,0,1,100,95,5
2000-01-01 09:52:27,946713147,100,63,2,254,17,1,253,0,100,0,0,1,100,95,5
2000-01-01 09:52:57,946713177,100,78,3,15,22,1,5,0,100,0,0,1,100,95,5
2000-01-01 09:53:27,946713207,100,81,2,3,21,2,255,0,100,0,0,0,100,95,4
2000-01-01 09:53:57,946713237,100,77,1,252,17,0,252,0,100,0,0,1,100,95,5
2000-01-01 09:54:27,946713267,100,68,5,247,16,0,255,0,100,0,0,1,100,95,5
2000-01-01 09:54:57,946713297,100,66,5,254,18,2,2,0,100,0,0,1,100,96,5
2000-01-01 09:55:27,946713327,100,77,1,11,23,0,5,0,100,0,0,1,100,95,5
2000-01-01 09:55:57,946713357,100,65,1,244,19,1,252,0,100,0,0,1,100,95,5
2000-01-01 09:56:27,946713387,100,63,1,254,17,0,254,0,100,0,0,1,100,95,5
2000-01-01 09:56:57,946713417,100,67,5,4,17,0,0,0,100,0,0,1,100,95,5
2000-01-01 09:57:27,946713447,100,87,1,20,16,0,255,0,100,0,0,1,100,95,5
2000-01-01 09:57:57,946713477,100,84,5,253,16,0,0,0,100,0,0,1,100,96,5
2000-01-01 09:58:27,946713507,100,66,1,238,16,0,0,0,100,0,0,1,100,95,5
2000-01-01 09:58:57,946713537,100,68,1,2,16,0,0,0,100,0,0,1,100,95,5
2000-01-01 09:59:27,946713567,100,65,1,253,19,1,3,0,100,0,0,1,100,95,5
2000-01-01 10:00:58,946713658,100,69,2,4,19,1,0,0,100,0,0,1,100,95,5
2000-01-01 10:01:28,946713688,100,68,1,255,16,0,253,0,100,0,0,1,100,95,5
2000-01-01 10:01:58,946713718,100,69,0,1,18,2,2,0,100,0,0,1,100,95,5
2000-01-01 10:02:28,946713748,100,80,3,11,22,0,4,0,100,0,0,1,100,95,5
2000-01-01 10:02:58,946713778,100,81,2,1,18,2,252,0,100,0,0,1,100,95,5
2000-01-01 10:03:28,946713808,100,74,3,249,22,1,4,0,100,0,0,1,100,95,5
2000-01-01 10:03:58,946713838,100,64,0,246,21,0,255,0,100,0,0,1,100,95,5
2000-01-01 10:04:28,946713868,100,77,4,13,22,0,1,0,100,0,0,1,100,94,5
2000-01-01 10:04:58,946713898,100,95,3,18,23,0,1,0,100,0,0,1,100,95,5
2000-01-01 10:05:28,946713928,100,71,3,232,22,0,255,0,100,0,0,1,100,95,5
2000-01-01 10:05:58,946713958,100,64,1,249,20,0,254,0,100,0,0,1,100,95,5
2000-01-01 10:06:28,946713988,100,64,0,0,21,0,1,0,100,0,0,1,100,95,5
2000-01-01 10:06:58,946714018,100,64,0,0,22,0,1,0,100,0,0,1,100,95,5
2000-01-01 10:07:28,946714048,100,64,0,0,22,0,0,0,100,0,0,1,100,95,5
2000-01-01 10:07:58,946714078,100,65,2,1,20,1,254,0,100,0,0,1,100,95,5
2000-01-01 10:08:28,946714108,100,64,1,255,19,0,255,0,100,0,0,1,100,95,5
2000-01-01 10:08:58,946714138,100,64,0,0,21,0,2,0,100,0,0,1,100,95,5
2000-01-01 10:09:28,946714168,100,69,1,5,22,1,1,0,100,0,0,0,100,95,4
2000-01-01 10:09:58,946714198,100,67,0,254,18,0,252,0,100,0,0,1,100,95,5
2000-01-01 10:10:28,946714228,100,66,0,255,20,1,2,0,100,0,0,1,100,95,5
2000-01-01 10:12:00,946714320,100,62,0,252,21,0,1,0,100,0,0,1,100,95,5
2000-01-01 10:12:30,946714350,100,62,0,0,21,0,0,0,100,0,0,1,100,95,5
2000-01-01 10:13:00,946714380,100,62,0,0,21,0,0,0,100,0,0,1,100,95,5
2000-01-01 10:13:30,946714410,100,66,4,4,21,1,0,0,100,0,0,1,100,95,5
2000-01-01 10:14:00,946714440,100,71,0,5,18,0,253,0,100,0,0,1,100,95,5
2000-01-01 10:14:30,946714470,100,70,0,255,21,1,3,0,100,0,0,1,100,95,5
2000-01-01 10:15:00,946714500,100,70,0,0,23,0,2,0,100,0,0,1,100,95,5
2000-01-01 10:15:30,946714530,100,68,2,254,23,0,0,0,100,0,0,1,100,95,5
2000-01-01 10:16:00,946714560,100,62,0,250,21,1,254,0,100,0,0,1,100,95,5
2000-01-01 10:16:30,946714590,100,71,2,9,20,1,255,0,100,0,0,1,100,95,5
2000-01-01 10:17:00,946714620,100,78,0,7,21,1,1,0,100,0,0,1,100,95,5
2000-01-01 10:17:30,946714650,100,78,0,0,20,0,255,0,100,0,0,1,100,95,5
2000-01-01 10:18:00,946714680,100,71,5,249,18,1,254,0,100,0,0,1,100,95,5
2000-01-01 10:18:30,946714710,100,65,2,250,18,1,0,0,100,0,0,1,100,95,5
2000-01-01 10:19:00,946714740,100,69,1,4,18,1,0,0,100,0,0,1,100,95,5
2000-01-01 10:19:30,946714770,100,65,0,252,17,0,255,0,100,0,0,1,100,95,5
2000-01-01 10:20:00,946714800,100,64,0,255,18,0,1,0,100,0,0,1,100,96,5
2000-01-01 10:20:30,946714830,100,64,0,0,18,0,0,0,100,0,0,1,100,95,5
2000-01-01 10:21:00,946714860,100,63,0,255,18,0,0,0,100,0,0,1,100,95,5
2000-01-01 10:21:30,946714890,100,63,0,0,17,0,255,0,100,0,0,1,100,95,5
2000-01-01 10:23:04,946714984,100,62,0,255,19,0,2,0,100,0,0,1,100,95,5
2000-01-01 10:23:34,946715014,100,62,0,0,18,0,255,0,100,0,0,1,100,95,5
2000-01-01 10:24:04,946715044,100,62,0,0,18,0,0,0,100,0,0,1,100,95,5
2000-01-01 10:24:34,946715074,100,76,5,14,19,1,1,0,100,0,0,1,100,95,5
2000-01-01 10:25:04,946715104,100,78,6,2,19,1,0,0,100,0,0,1,100,95,5
2000-01-01 10:25:34,946715134,100,67,3,245,18,0,255,0,100,0,0,1,100,95,5
2000-01-01 10:26:04,946715164,100,69,3,2,20,1,2,0,100,0,0,1,100,95,5
2000-01-01 10:26:34,946715194,100,70,1,1,22,0,2,0,100,0,0,1,100,95,5
2000-01-01 10:27:04,946715224,100,80,1,10,19,1,253,0,100,0,0,1,100,95,5
2000-01-01 10:27:34,946715254,100,77,2,253,18,0,255,0,100,0,0,1,100,96,5
2000-01-01 10:28:04,946715284,100,80,1,3,18,0,0,0,100,0,0,1,100,95,5
2000-01-01 10:28:34,946715314,100,87,1,7,18,1,0,0,100,0,0,1,100,95,5
2000-01-01 10:29:04,946715344,100,87,0,0,20,0,2,0,100,0,0,1,100,95,5
2000-01-01 10:29:34,946715374,100,82,2,251,19,1,255,0,100,0,0,1,100,95,5
2000-01-01 10:30:04,946715404,100,77,1,251,17,0,254,0,100,0,0,0,100,95,4
2000-01-01 10:30:34,946715434,100,71,0,250,18,0,1,0,100,0,0,0,100,95,4
2000-01-01 10:31:04,946715464,100,74,3,3,17,0,255,0,100,0,0,0,100,95,4
2000-01-01 10:31:34,946715494,100,75,2,1,16,0,255,0,100,0,0,0,100,95,4
2000-01-01 10:32:04,946715524,100,68,3,249,16,0,0,0,100,0,0,0,100,95,4
2000-01-01 10:32:34,946715554,100,76,2,8,16,0,0,0,100,0,0,0,100,95,4
2000-01-01 10:33:59,946715639,100,71,0,251,16,0,0,0,100,0,0,0,100,95,4
2000-01-01 10:34:29,946715669,100,67,0,252,16,0,0,0,100,0,0,0,100,95,4
2000-01-01 10:34:59,946715699,100,66,0,255,16,0,0,0,100,0,0,0,100,95,4
2000-01-01 10:35:29,946715729,100,65,2,255,16,0,0,0,100,0,0,0,100,95,4
2000-01-01 10:35:59,946715759,100,69,4,4,16,0,0,0,100,0,0,0,100,95,4
2000-01-01 10:36:29,946715789,100,74,1,5,16,0,0,0,100,0,0,0,100,95,4
2000-01-01 10:36:59,946715819,100,73,2,255,16,0,0,0,100,0,0,0,100,95,4
2000-01-01 10:37:29,946715849,100,72,3,255,16,0,0,0,100,0,0,0,100,95,4
2000-01-01 10:37:59,946715879,100,68,3,252,16,0,0,0,100,0,0,0,100,95,4
2000-01-01 10:38:29,946715909,100,70,4,2,18,0,2,0,100,0,0,0,100,95,4
2000-01-01 10:38:59,946715939,100,65,1,251,18,1,0,0,100,0,0,0,100,95,4
2000-01-01 10:39:29,946715969,100,63,0,254,16,0,254,0,100,0,0,0,100,95,4
2000-01-01 10:39:59,946715999,100,63,0,0,16,0,0,0,100,0,0,0,100,95,4
2000-01-01 10:40:29,946716029,100,63,0,0,16,0,0,0,100,0,0,0,100,95,4
2000-01-01 10:40:59,946716059,100,63,0,0,16,0,0,0,100,0,0,0,100,95,4
2000-01-01 10:41:29,946716089,100,67,3,4,16,1,0,0,100,0,0,0,100,95,4
2000-01-01 10:41:59,946716119,100,76,5,9,20,1,4,0,100,0,0,0,100,95,4
2000-01-01 10:42:29,946716149,100,80,0,4,18,1,254,0,100,0,0,0,100,95,4
2000-01-01 10:42:59,946716179,100,73,1,249,17,0,255,0,100,0,0,0,100,96,4
2000-01-01 10:43:29,946716209,100,71,0,254,17,0,0,0,100,0,0,0,100,95,4
2000-01-01 10:44:56,946716296,100,78,4,7,17,0,0,0,100,0,0,0,100,95,4
2000-01-01 10:45:26,946716326,100,63,1,241,17,1,0,0,100,0,0,0,100,95,4
2000-01-01 10:45:56,946716356,100,67,2,4,18,0,1,0,100,0,0,0,100,95,4
2000-01-01 10:46:26,946716386,100,67,2,0,16,1,254,0,100,0,0,0,100,95,4
2000-01-01 10:46:56,946716416,100,65,1,254,16,0,0,0,100,0,0,0,100,95,4
2000-01-01 10:47:26,946716446,100,67,0,2,16,1,0,0,100,0,0,0,100,95,4
2000-01-01 10:47:56,946716476,100,67,1,0,14,2,254,0,100,0,0,0,100,95,4
2000-01-01 10:48:26,946716506,100,76,4,9,19,1,5,0,100,0,0,0,100,95,4
2000-01-01 10:48:56,946716536,100,71,0,251,17,0,254,0,100,0,0,0,100,95,4
2000-01-01 10:49:26,946716566,100,66,1,251,17,0,0,0,100,0,0,0,100,95,4
2000-01-01 10:49:56,946716596,100,67,0,1,17,0,0,0,100,0,0,0,100,95,4
2000-01-01 10:50:26,946716626,100,67,0,0,17,0,0,0,100,0,0,0,100,95,4
2000-01-01 10:50:56,946716656,100,67,0,0,17,0,0,0,100,0,0,0,100,95,4
2000-01-01 10:51:26,946716686,100,67,1,0,17,0,0,0,100,0,0,0,100,95,4
2000-01-01 10:51:56,946716716,100,83,4,16,17,0,0,0,100,0,0,0,100,95,4
2000-01-01 10:52:26,946716746,100,66,5,239,17,0,0,0,100,0,0,0,100,95,4
2000-01-01 10:52:56,946716776,100,62,0,252,17,0,0,0,100,0,0,0,100,95,4
2000-01-01 10:53:26,946716806,100,63,3,1,17,0,0,0,100,0,0,0,100,95,4
2000-01-01 10:53:56,946716836,100,81,2,18,17,0,0,0,100,0,0,0,100,95,4
2000-01-01 10:54:26,946716866,100,81,1,0,17,0,0,0,100,0,0,0,100,95,4
2000-01-01 10:55:56,946716956,100,78,1,253,17,0,0,0,100,0,0,0,100,95,4
2000-01-01 10:56:26,946716986,100,79,3,1,17,0,0,0,100,0,0,0,100,95,4
2000-01-01 10:56:56,946717016,100,83,1,4,17,0,0,0,100,0,0,0,100,96,4
2000-01-01 10:57:26,946717046,100,66,2,239,17,0,0,0,100,0,0,0,100,95,4
2000-01-01 10:57:56,946717076,100,67,0,1,17,0,0,0,100,0,0,0,100,95,4
2000-01-01 10:58:26,946717106,100,68,0,1,17,0,0,0,100,0,0,0,100,95,4
2000-01-01 10:58:56,946717136,100,68,0,0,17,0,0,0,100,0,0,0,100,95,4
2000-01-01 10:59:26,946717166,100,72,3,4,16,0,255,0,100,0,0,0,100,95,4
2000-01-01 10:59:56,946717196,100,68,2,252,17,0,1,0,100,0,0,0,100,95,4
2000-01-01 11:00:26,946717226,100,65,1,253,17,0,0,0,100,0,0,0,100,95,4
2000-01-01 11:00:56,946717256,100,63,0,254,17,0,0,0,100,0,0,0,100,95,4
2000-01-01 11:01:26,946717286,100,64,0,1,17,0,0,0,100,0,0,0,100,95,4
2000-01-01 11:01:56,946717316,100,73,6,9,17,0,0,0,100,0,0,1,100,95,5
2000-01-01 11:02:26,946717346,100,74,6,1,17,0,0,0,100,0,0,1,100,95,5
2000-01-01 11:02:56,946717376,100,65,0,247,17,1,0,0,100,0,0,1,100,95,5
2000-01-01 11:03:26,946717406,100,63,1,254,22,0,5,0,100,0,0,1,100,95,5
2000-01-01 11:03:56,946717436,100,62,1,255,21,1,255,0,100,0,0,1,100,95,5
2000-01-01 11:04:26,946717466,100,71,2,9,18,1,253,0,100,0,0,1,100,95,5
2000-01-01 11:04:56,946717496,100,74,1,3,17,0,255,0,100,0,0,1,100,95,5
2000-01-01 11:05:26,946717526,100,79,6,5,17,0,0,0,100,0,0,1,100,95,5
2000-01-01 11:06:50,946717610,100,86,4,7,17,0,0,0,100,0,0,1,100,96,5
2000-01-01 11:07:20,946717640,100,72,0,242,17,0,0,0,100,0,0,1,100,95,5
2000-01-01 11:07:50,946717670,100,66,3,250,17,0,0,0,100,0,0,1,100,95,5
2000-01-01 11:08:20,946717700,100,62,0,252,17,0,0,0,100,0,0,1,100,95,5
2000-01-01 11:08:50,946717730,100,62,0,0,17,0,0,0,100,0,0,1,100,95,5
2000-01-01 11:09:20,946717760,100,64,2,2,18,0,1,0,100,0,0,1,100,96,5
2000-01-01 11:09:50,946717790,100,68,3,4,18,0,0,0,100,0,0,1,100,95,5
2000-01-01 11:10:20,946717820,100,72,8,4,18,0,0,0,100,0,0,1,100,95,5
2000-01-01 11:10:50,946717850,100,81,5,9,17,0,255,0,100,0,0,1,100,95,5
2000-01-01 11:11:20,946717880,100,66,0,241,17,0,0,0,100,0,0,1,100,95,5
2000-01-01 11:11:50,946717910,100,67,1,1,17,0,0,0,100,0,0,1,100,95,5
2000-01-01 11:12:20,946717940,100,70,0,3,17,0,0,0,100,0,0,1,100,95,5
2000-01-01 11:12:50,946717970,100,68,2,254,18,0,1,0,100,0,0,1,100,95,5
2000-01-01 11:13:20,946718000,100,71,5,3,20,1,2,0,100,0,0,1,100,95,5
2000-01-01 11:13:50,946718030,100,68,4,253,18,1,254,0,100,0,0,0,100,96,4
2000-01-01 11:14:20,946718060,100,66,4,254,19,1,1,0,100,0,0,1,100,95,5
2000-01-01 11:14:50,946718090,100,62,0,252,22,0,3,0,100,0,0,1,100,96,5
2000-01-01 11:15:20,946718120,100,67,4,5,22,1,0,0,100,0,0,1,100,95,5
2000-01-01 11:15:50,946718150,100,70,3,3,19,1,253,0,100,0,0,1,100,95,5
2000-01-01 11:16:20,946718180,100,71,4,1,22,0,3,0,100,0,0,1,100,95,5
2000-01-01 11:17:54,946718274,100,62,1,247,20,1,254,0,100,0,0,1,100,95,5
2000-01-01 11:18:24,946718304,100,63,1,1,16,0,252,0,100,0,0,1,100,95,5
2000-01-01 11:18:54,946718334,100,69,3,6,20,1,4,0,100,0,0,1,100,96,5
2000-01-01 11:19:24,946718364,100,67,3,254,21,0,1,0,100,0,0,1,100,95,5
2000-01-01 11:19:54,946718394,100,67,5,0,22,1,1,0,100,0,0,1,100,95,5
2000-01-01 11:20:24,946718424,100,91,18,24,21,1,255,0,100,0,0,1,100,95,5
2000-01-01 11:20:54,946718454,100,95,13,4,20,1,255,0,100,0,0,1,100,96,5
2000-01-01 11:21:24,946718484,100,79,0,240,19,1,255,0,100,0,0,1,100,95,5
2000-01-01 11:21:54,946718514,100,78,1,255,17,0,254,0,100,0,0,1,100,95,5
2000-01-01 11:22:24,946718544,100,63,2,241,16,0,255,0,100,0,0,1,100,95,5
2000-01-01 11:22:54,946718574,100,62,0,255,16,0,0,0,100,0,0,1,100,95,5
2000-01-01 11:23:24,946718604,100,67,2,5,17,0,1,0,100,0,0,1,100,95,5
2000-01-01 11:23:54,946718634,100,62,0,251,17,1,0,0,100,0,0,1,100,95,5
2000-01-01 11:24:24,946718664,100,63,0,1,18,0,1,0,100,0,0,1,100,95,5
2000-01-01 11:24:54,946718694,100,63,0,0,18,0,0,0,100,0,0,1,100,95,5
2000-01-01 11:25:24,946718724,100,62,0,255,17,0,255,0,100,0,0,1,100,95,5
2000-01-01 11:25:54,946718754,100,62,0,0,18,1,1,0,100,0,0,1,100,95,5
2000-01-01 11:26:24,946718784,100,62,0,0,22,0,4,0,100,0,0,1,100,95,5
2000-01-01 11:26:54,946718814,100,63,0,1,23,0,1,0,100,0,0,1,100,95,5
2000-01-01 11:27:24,946718844,100,63,0,0,23,0,0,0,100,0,0,1,100,96,5
2000-01-01 11:28:51,946718931,100,63,0,0,23,0,0,0,100,0,0,1,100,95,5
2000-01-01 11:29:21,946718961,100,63,0,0,22,0,255,0,100,0,0,1,100,95,5
2000-01-01 11:29:51,946718991,100,63,1,0,20,0,254,0,100,0,0,1,100,95,5
2000-01-01 11:30:21,946719021,100,77,1,14,20,1,0,0,100,0,0,1,100,95,5
2000-01-01 11:30:51,946719051,100,73,5,252,22,0,2,0,100,0,0,1,100,95,5
2000-01-01 11:31:21,946719081,100,66,1,249,22,0,0,0,100,0,0,1,100,95,5
2000-01-01 11:31:51,946719111,100,69,0,3,21,0,255,0,100,0,0,1,100,95,5
2000-01-01 11:32:21,946719141,100,69,0,0,20,0,255,0,100,0,0,1,100,95,5
2000-01-01 11:32:51,946719171,100,63,2,250,19,1,255,0,100,0,0,1,100,95,5
2000-01-01 11:33:21,946719201,100,62,0,255,19,0,0,0,100,0,0,1,100,95,5
2000-01-01 11:33:51,946719231,100,62,0,0,19,1,0,0,100,0,0,1,100,95,5
2000-01-01 11:34:21,946719261,100,67,3,5,22,0,3,0,100,0,0,1,100,95,5
2000-01-01 11:34:51,946719291,100,64,0,253,23,0,1,0,100,0,0,1,100,95,5
2000-01-01 11:35:21,946719321,100,81,6,17,24,0,1,0,100,0,0,1,100,95,5
2000-01-01 11:35:51,946719351,100,70,2,245,23,0,255,0,100,0,0,1,100,95,5
2000-01-01 11:36:21,946719381,100,67,0,253,22,1,255,0,100,0,0,1,100,95,5
2000-01-01 11:36:51,946719411,100,63,2,252,18,0,252,0,100,0,0,1,100,95,5
2000-01-01 11:37:21,946719441,100,65,3,2,17,0,255,0,100,0,0,1,100,95,5
2000-01-01 11:37:51,946719471,100,69,0,4,17,0,0,0,100,0,0,1,100,95,5
2000-01-01 11:38:21,946719501,100,69,0,0,17,0,0,0,100,0,0,1,100,95,5
2000-01-01 11:39:43,946719583,100,70,0,1,18,0,1,0,100,0,0,1,100,95,5
2000-01-01 11:40:13,946719613,100,68,0,254,19,1,1,0,100,0,0,1,100,95,5
2000-01-01 11:40:43,946719643,100,71,3,3,19,1,0,0,100,0,0,1,100,95,5
2000-01-01 11:41:13,946719673,100,69,0,254,17,0,254,0,100,0,0,1,100,95,5
2000-01-01 11:41:43,946719703,100,67,2,254,17,0,0,0,100,0,0,1,100,95,5
2000-01-01 11:42:13,946719733,100,64,0,253,18,0,1,0,100,0,0,1,100,95,5
2000-01-01 11:42:43,946719763,100,64,0,0,20,0,2,0,100,0,0,1,100,95,5
2000-01-01 11:43:13,946719793,100,65,2,1,21,0,1,0,100,0,0,1,100,95,5
2000-01-01 11:43:43,946719823,100,65,0,0,21,0,0,0,100,0,0,1,100,95,5
2000-01-01 11:44:13,946719853,100,65,1,0,20,0,255,0,100,0,0,1,100,96,5
2000-01-01 11:44:43,946719883,100,69,0,4,18,0,254,0,100,0,0,1,100,95,5
2000-01-01 11:45:13,946719913,100,70,1,1,19,0,1,0,100,0,0,1,100,95,5
2000-01-01 11:45:43,946719943,100,76,1,6,20,1,1,0,100,0,0,1,100,95,5
2000-01-01 11:46:13,946719973,100,74,1,254,22,1,2,0,100,0,0,1,100,95,5
2000-01-01 11:46:43,946720003,100,65,0,247,20,0,254,0,100,0,0,1,100,95,5
2000-01-01 11:47:13,946720033,100,67,3,2,22,0,2,0,100,0,0,1,100,95,5
2000-01-01 11:47:43,946720063,100,74,0,7,23,0,1,0,100,0,0,1,100,95,5
2000-01-01 11:48:13,946720093,100,71,2,253,23,0,0,0,100,0,0,1,100,95,5
2000-01-01 11:48:43,946720123,100,65,2,250,23,0,0,0,100,0,0,1,100,95,5
2000-01-01 11:49:13,946720153,100,68,1,3,17,1,250,0,100,0,0,1,100,95,5
2000-01-01 11:50:37,946720237,100,68,1,0,13,1,252,0,100,0,0,1,100,95,5
2000-01-01 11:51:07,946720267,100,62,0,250,18,1,5,0,100,0,0,1,100,95,5
2000-01-01 11:51:37,946720297,100,62,0,0,20,1,2,0,100,0,0,1,100,95,5
2000-01-01 11:52:07,946720327,100,62,1,0,20,2,0,0,100,0,0,0,100,95,4
2000-01-01 11:52:37,946720357,100,65,1,3,17,0,253,0,100,0,0,0,100,95,4
2000-01-01 11:53:07,946720387,100,64,0,255,18,1,1,0,100,0,0,0,100,95,4
2000-01-01 11:53:37,946720417,100,64,0,0,17,0,255,0,100,0,0,0,100,95,4
2000-01-01 11:54:07,946720447,100,66,1,2,17,0,0,0,100,0,0,0,100,95,4
2000-01-01 11:54:37,946720477,100,66,1,0,17,0,0,0,100,0,0,0,100,95,4
2000-01-01 11:55:07,946720507,100,62,0,252,19,1,2,0,100,0,0,0,100,95,4
2000-01-01 11:55:37,946720537,100,62,0,0,20,1,1,0,100,0,0,0,100,95,4
2000-01-01 11:56:07,946720567,100,62,0,0,17,1,253,0,100,0,0,0,100,95,4
2000-01-01 11:56:37,946720597,100,63,3,1,16,0,255,0,100,0,0,0,100,95,4
2000-01-01 11:57:07,946720627,100,71,2,8,17,1,1,0,100,0,0,0,100,95,4
2000-01-01 11:57:37,946720657,100,75,1,4,20,0,3,0,100,0,0,0,100,95,4
2000-01-01 11:58:07,946720687,100,71,0,252,21,0,1,0,100,0,0,0,100,95,4
2000-01-01 11:58:37,946720717,100,68,2,253,17,0,252,0,100,0,0,0,100,95,4
2000-01-01 11:59:07,946720747,100,64,0,252,16,0,255,0,100,0,0,0,100,95,4
2000-01-01 11:59:37,946720777,100,64,2,0,16,0,0,0,100,0,0,0,100,95,4
2000-01-01 12:00:07,946720807,100,84,5,20,19,0,3,0,100,0,0,0,100,95,4
